{"polyfill":["/polyfill-8b7de9d51f48d2dd5d4b.js"],"app":["/app-d4a4874e208d59b55eac.js"],"component---src-pages-404-js":["/component---src-pages-404-js-e4e6d22fd54d0a930502.js"],"component---src-pages-china-index-js":["/component---src-pages-china-index-js-f65562c7b0c407c49655.js"],"component---src-pages-countries-js":["/component---src-pages-countries-js-26a01f5484f39dfa50dc.js"],"component---src-pages-final-js":["/component---src-pages-final-js-c7b70801fff758375cb2.js"],"component---src-pages-index-js":["/component---src-pages-index-js-cf21eca2b7afb8d6f2bd.js"],"component---src-pages-indian-subcontinent-bhutan-js":["/component---src-pages-indian-subcontinent-bhutan-js-7f8659a6ee7d2b86b199.js"],"component---src-pages-indian-subcontinent-index-js":["/component---src-pages-indian-subcontinent-index-js-9042313c3f36761f4e56.js"],"component---src-pages-indian-subcontinent-india-js":["/component---src-pages-indian-subcontinent-india-js-61fa4d936ee4855598f7.js"],"component---src-pages-indian-subcontinent-nepal-js":["/component---src-pages-indian-subcontinent-nepal-js-ca925958f2dc5df1139d.js"],"component---src-pages-indian-subcontinent-sri-lanka-js":["/component---src-pages-indian-subcontinent-sri-lanka-js-6f786af994d6cfc712d9.js"],"component---src-pages-mongolia-js":["/component---src-pages-mongolia-js-e0779f2539076b196293.js"],"component---src-pages-philosophy-js":["/component---src-pages-philosophy-js-a00ea1186a707502b8d6.js"],"component---src-pages-south-east-asia-index-js":["/component---src-pages-south-east-asia-index-js-b06f8acf43552a8a31b5.js"],"component---src-pages-south-east-asia-places-js":["/component---src-pages-south-east-asia-places-js-06055bbf696668699245.js"],"component---src-pages-story-js":["/component---src-pages-story-js-bc0abe0d5bef0f7e026e.js"]}